insert into localizacoes (regiao, cidade, clima, temperatura_media_c, proximidade_agua, pais_id) values
('Sudeste', 'São Paulo', 'Tropical', 22, 'Alta', 1),
('Oeste', 'Califórnia', 'Temperado', 18, 'Média', 2),
('Pampa', 'Buenos Aires', 'Temperado', 17, 'Média', 3),
('Mediterrâneo', 'Madrid', 'Mediterrâneo', 19, 'Baixa', 4),
('Atlântico', 'Paris', 'Temperado', 14, 'Alta', 5),
('Leste', 'Pequim', 'Continental', 13, 'Alta', 6),
('Sul', 'Bangalore', 'Tropical', 26, 'Baixa', 7),
('Kanto', 'Tóquio', 'Temperado úmido', 16, 'Alta', 8),
('Central', 'Moscou', 'Continental', 8, 'Média', 9),
('Sudeste', 'Sydney', 'Temperado', 20, 'Baixa (costeira)', 10),
('Gauteng', 'Joanesburgo', 'Semiárido', 19, 'Baixa', 11),
('Ontário', 'Toronto', 'Continental frio', 9, 'Alta (lagos)', 12),
('Sul', 'Montevidéu', 'Temperado', 17, 'Alta (Rio da Prata)', 13),
('Central', 'Zurique', 'Alpino', 10, 'Alta (lagos/alpes)', 14),
('Central', 'Frankfurt', 'Temperado', 11, 'Média (rios)', 15);

insert into infraestrutura (tipo_data_center, tipo_resfriamento, fonte_energia, ano_instalacao, status, numero_servidores_estimado, custo_anual_mi_usd) values
('Urbano', 'Híbrido', 'Hidrelétrica', 2020, 'Ativo', 4500, 110.0),
('Hiperescala', 'Evaporativo', 'Solar/Eólica (parcial)', 2018, 'Ativo', 22000, 480.0),
('Regional', 'Ar forçado', 'Gás natural + renováveis', 2021, 'Ativo', 1800, 45.0),
('Urbano', 'Híbrido', 'Eólica/Solar', 2019, 'Ativo', 3200, 75.0),
('Hiperescala', 'Líquido', 'Nuclear (70%)', 2022, 'Ativo', 5500, 85.0),
('Hiperescala', 'Subaquático/Líquido', 'Carvão + Solar (transição)', 2019, 'Ativo', 35000, 620.0),
('Hiperescala', 'Evaporativo', 'Solar + Carvão', 2020, 'Ativo', 12000, 210.0),
('Hiperescala', 'Líquido avançado', 'Nuclear + Renováveis', 2019, 'Ativo', 8500, 145.0),
('Regional', 'Ar forçado + livre', 'Gás natural', 2021, 'Ativo', 4200, 95.0),
('Urbano', 'Ar livre + evaporativo', 'Solar + Carvão (transição)', 2020, 'Ativo', 3800, 68.0),
('Regional', 'Ar forçado', 'Carvão + Solar emergente', 2022, 'Ativo', 1500, 38.0),
('Hiperescala', 'Free-cooling (ar exterior)', 'Hidrelétrica (60%) + Nuclear', 2019, 'Ativo', 6200, 92.0),
('Pequeno/Regional', 'Ar natural + híbrido', 'Eólica (40%) + Hidro', 2022, 'Ativo', 420, 8.5),
('Seguro/Financeiro', 'Líquido + free-cooling alpino', 'Hidrelétrica + Nuclear', 2021, 'Ativo', 2100, 42.0),
('Hiperescala', 'Híbrido + líquido', 'Eólica + Solar + Gás', 2019, 'Ativo', 7800, 115.0);

insert into metricas_uso (usuarios_milhoes, interacoes_dia_mi, latencia_media_ms, pico_uso, crescimento_anual) values
(35.0, 12.0, 120, 'Noite', 0.15),
(180.0, 45.0, 75, 'Tarde', 0.18),
(18.0, 4.2, 145, 'Noite', 0.22),
(28.0, 6.8, 95, 'Tarde', 0.16),
(24.0, 5.5, 88, 'Tarde', 0.25),
(230.0, 52.0, 65, 'Noite', 0.35),
(95.0, 28.0, 110, 'Tarde', 0.42),
(42.0, 11.0, 72, 'Tarde', 0.14),
(38.0, 9.2, 135, 'Noite', 0.28),
(22.0, 5.1, 105, 'Tarde', 0.19),
(14.0, 3.4, 165, 'Tarde', 0.31),
(31.0, 7.8, 82, 'Tarde', 0.17),
(2.1, 0.52, 138, 'Noite', 0.26),
(6.8, 1.9, 78, 'Tarde', 0.13),
(36.0, 8.9, 85, 'Tarde', 0.15);

insert into impacto_ambiental (consumo_agua_milhoes_l_ano, regulamentacao_ambiental, reuso_agua) values
(850, 'Média (LGPD)', 'Sim'),
(2400, 'Baixa (estadual)', 'Não'),
(320, 'Média', 'Parcial'),
(510, 'Alta (UE)', 'Sim'),
(480, 'Alta (UE + soberania)', 'Sim'),
(3100, 'Alta (estatal)', 'Sim'),
(1650, 'Média (em desenvolvimento)', 'Parcial'),
(720, 'Alta', 'Sim'),
(890, 'Alta (soberania digital)', 'Parcial'),
(410, 'Média-Alta', 'Sim'),
(285, 'Média (em desenvolvimento)', 'Não'),
(520, 'Alta (federal + provincial)', 'Sim'),
(48, 'Alta (compromisso verde)', 'Sim'),
(125, 'Muito Alta', 'Sim'),
(640, 'Muito Alta (UE + leis nacionais)', 'Sim');

insert into atividade_ia_pais (pais_id, ia_id, localizacao_id, uso_id, infraestrutura_id, metrica_id, impacto_id) values
(1, 1, 1, 1, 1, 1, 1),
(2, 2, 2, 2, 2, 2, 2),
(3, 1, 3, 3, 3, 3, 3),
(4, 3, 4, 4, 4, 4, 4),
(5, 4, 5, 5, 5, 5, 5),
(6, 5, 6, 6, 6, 6, 6),
(7, 1, 7, 7, 7, 7, 7),
(8, 6, 8, 8, 8, 8, 8),
(9, 7, 9, 9, 9, 9, 9),
(10, 1, 10, 10, 10, 10, 10),
(11, 8, 11, 11, 11, 11, 11),
(12, 9, 12, 12, 12, 12, 12),
(13, 1, 13, 13, 13, 13, 13),
(14, 10, 14, 14, 14, 14, 14),
(15, 11, 15, 15, 15, 15, 15);
